0,1,2,3,4,5,6,7,8,9,10
tipece,__Arenaserpeenchda,fn’),_Deniade,ce,ements,"Desiads(femente/n"")",Quan,de,Semone,cess:
dal,‘00,°,,,,,,,,
epoca,,,,,,,,,,
tele,ee,fa,ff,nf,fr,,,,,
Abseate,,,,,,,,,,
boca,,,,,,,,,,
‘esrole,,,,,,,,,,
mei,,,,,,,,,,
‘Amora,,,,,,,,,,
nana,,,,,,,,,,
Corambola,,,,,,,,,,
aj,,,,,,,,,,
Coat,,,,,,,,,,
coco,,,,,,,,,,
Cupuaps,,,,,,,,,,
Feo,,,,,,,,,,
Gols,,,,,,,,,,
Gravis,,,,,,,,,,
Jbtcabo,,,,,,,,,,
sca,,,,,,,,,,
Laren,,,,,,,,,,
chia,,,,,,,,,,
Umi,,,,,,,,,,
Moga,,,,,,,,,,
Momse,,,,,,,,,,
Manga,,,,,,,,,,
Maracas,,,,,,,,,,
Melons,,,,,,,,,,
Melo,,,,,,,,,,
Mererica,,,,,,,,,,
Morargo,,,,,,,,,,
Pera,,,,,,,,,,
essago,,,,,,,,,,
Pango,,,,,,,,,,
Ue,,,,,,,,,,
eceee,,,,,,,,,,
Mat,,,,,,,,,,
in,,,,,,,,,,
Ot,Nov,,,,,,,,,
oe,,,,,,,,,,
ee,,,,,,,,,,
ee,,,,,,,,,,
